{"cameraMode":{"drawMode":0,"name":"Shaded","section":"Shading Mode"},"sceneLighting":false,"audioPlay":false,"sceneViewState":{"showFog":true,"showMaterialUpdate":true,"showSkybox":false,"showFlares":true,"showImageEffects":true,"showParticleSystems":true},"in2DMode":false,"pivot":{"x":0.1124219000339508,"y":1.0703251361846924,"z":0.02079099416732788},"rotation":{"x":0.27150437235832217,"y":-0.7153627276420593,"z":0.3672749996185303,"w":0.5288615822792053},"size":4.558252811431885,"orthographic":false}