{"cameraMode":{"drawMode":0,"name":"Shaded","section":"Shading Mode"},"sceneLighting":true,"audioPlay":false,"sceneViewState":{"showFog":true,"showMaterialUpdate":true,"showSkybox":true,"showFlares":true,"showImageEffects":true,"showParticleSystems":true},"in2DMode":false,"pivot":{"x":2.354548215866089,"y":-11.984240531921387,"z":-78.31105041503906},"rotation":{"x":0.4291076958179474,"y":0.5398884415626526,"z":-0.37309128046035769,"w":0.6206864714622498},"size":91.78193664550781,"orthographic":false}